{
  "simulation_info": {
    "total_steps": 48,
    "simulation_time": "2025-05-30T03:50:35.185848",
    "duration_hours": 4.0,
    "messages_sent": 0
  },
  "performance_metrics": {
    "total_steps": 48,
    "messages_sent": 0,
    "market_clearings": 0,
    "total_cost": 0.0,
    "renewable_penetration": 0.0,
    "grid_stability_score": 100.0
  },
  "final_market_data": {
    "current_price": 35.04257279036819,
    "price_forecast": [
      35.87091236424367,
      37.180197954784695,
      32.01649197987199,
      36.18173854855964,
      27.93773800222046,
      28.182636570376534,
      35.4778273370841,
      31.71563358330486,
      27.65541064215399,
      34.72533800201842,
      36.569218396569056,
      37.320657720927905,
      33.129469182283025,
      39.306981902464436,
      36.08691962144374,
      39.38111355020478,
      33.293550958629574,
      40.39562936071061,
      35.55814625274227,
      37.29384214871394,
      31.839091968480435,
      34.96965188735071,
      35.56060623525821,
      37.344921585225954
    ],
    "demand_forecast": {
      "expected_peak": 630.2943725152286
    },
    "generation_forecast": {
      "total_available": 1500.0,
      "renewable_total": 500.0
    },
    "weather": {
      "temperature": 23.380681133424282,
      "wind_speed": 6.815029028870256,
      "solar_irradiance": 0
    },
    "carbon_price": 25.0,
    "dr_price": 100.0,
    "frequency_hz": 50.0,
    "voltage_pu": 1.0
  },
  "agent_states": {}
}